{
  "training_config": {
    "model": "alternative_eegnet",
    "mode": "loso",
    "subject": null,
    "fold": "A01_rep0",
    "epochs": 300,
    "lr": 0.001,
    "batch_size": 64,
    "weight_decay": 0.0001,
    "device": "cuda",
    "data_path": "/home/dhruvpatel/EEGNetC147A/src/../data/processed/bci_competition_iv_2a_128",
    "split_config": "/home/dhruvpatel/EEGNetC147A/src/../configs/data_splits_128.json",
    "norm": "none (ERS applied in preprocessing)"
  },
  "A01_rep0": 0.6298932384341637,
  "A01_rep1": 0.47686832740213525,
  "A01_rep2": 0.5907473309608541,
  "A01_rep3": 0.604982206405694,
  "A02_rep0": 0.303886925795053,
  "A02_rep1": 0.2791519434628975,
  "A02_rep2": 0.26855123674911663,
  "A02_rep3": 0.24734982332155478,
  "A03_rep0": 0.5934065934065934,
  "A03_rep1": 0.684981684981685,
  "A03_rep2": 0.7289377289377289,
  "A03_rep3": 0.6410256410256411,
  "A04_rep0": 0.4342105263157895,
  "A04_rep1": 0.40789473684210525,
  "A04_rep2": 0.3815789473684211,
  "A04_rep3": 0.38596491228070173,
  "A05_rep0": 0.34782608695652173,
  "A05_rep1": 0.3333333333333333,
  "A05_rep2": 0.31521739130434784,
  "A05_rep3": 0.32608695652173914,
  "A06_rep0": 0.31627906976744186,
  "A06_rep1": 0.3953488372093023,
  "A06_rep2": 0.3209302325581395,
  "A06_rep3": 0.33488372093023255,
  "A07_rep0": 0.3574007220216607,
  "A07_rep1": 0.2851985559566787,
  "A07_rep2": 0.44404332129963897,
  "A07_rep3": 0.3249097472924188,
  "A08_rep0": 0.4833948339483395,
  "A08_rep1": 0.6605166051660517,
  "A08_rep2": 0.46494464944649444,
  "A08_rep3": 0.5166051660516605,
  "A09_rep0": 0.5833333333333334,
  "A09_rep1": 0.4583333333333333,
  "A09_rep2": 0.5454545454545454,
  "A09_rep3": 0.6515151515151515,
  "mean": 0.44791631658584724,
  "std": 0.13739591078859847
}