{
  "training_config": {
    "model": "cnn_lstm_alternative",
    "mode": "loso",
    "subject": null,
    "fold": "A01_rep0",
    "epochs": 300,
    "lr": 0.001,
    "batch_size": 32,
    "weight_decay": 0.0001,
    "device": "cuda",
    "data_path": "/home/dhruvpatel/EEGNetC147A/src/../data/processed/bci_competition_iv_2a_128",
    "split_config": "/home/dhruvpatel/EEGNetC147A/src/../configs/data_splits_128.json",
    "norm": "none (ERS applied in preprocessing)"
  },
  "A01_rep0": 0.5516014234875445,
  "A01_rep1": 0.4377224199288256,
  "A01_rep2": 0.5907473309608541,
  "A01_rep3": 0.5124555160142349,
  "A02_rep0": 0.303886925795053,
  "A02_rep1": 0.3498233215547703,
  "A02_rep2": 0.2791519434628975,
  "A02_rep3": 0.2826855123674912,
  "A03_rep0": 0.5457875457875457,
  "A03_rep1": 0.5421245421245421,
  "A03_rep2": 0.6373626373626373,
  "A03_rep3": 0.4908424908424908,
  "A04_rep0": 0.3508771929824561,
  "A04_rep1": 0.37719298245614036,
  "A04_rep2": 0.40350877192982454,
  "A04_rep3": 0.33771929824561403,
  "A05_rep0": 0.30434782608695654,
  "A05_rep1": 0.27898550724637683,
  "A05_rep2": 0.29347826086956524,
  "A05_rep3": 0.30434782608695654,
  "A06_rep0": 0.35348837209302325,
  "A06_rep1": 0.4046511627906977,
  "A06_rep2": 0.42790697674418604,
  "A06_rep3": 0.3395348837209302,
  "A07_rep0": 0.2779783393501805,
  "A07_rep1": 0.2851985559566787,
  "A07_rep2": 0.3176895306859206,
  "A07_rep3": 0.3249097472924188,
  "A08_rep0": 0.4354243542435424,
  "A08_rep1": 0.5498154981549815,
  "A08_rep2": 0.4797047970479705,
  "A08_rep3": 0.47601476014760147,
  "A09_rep0": 0.38636363636363635,
  "A09_rep1": 0.38257575757575757,
  "A09_rep2": 0.5492424242424242,
  "A09_rep3": 0.6363636363636364,
  "mean": 0.41115310301017677,
  "std": 0.10901141263441212
}