{
  "training_config": {
    "model": "cnn_gru_alternative",
    "mode": "loso",
    "subject": null,
    "fold": "A01_rep0",
    "epochs": 300,
    "lr": 0.001,
    "batch_size": 32,
    "weight_decay": 0.0005,
    "device": "cuda",
    "data_path": "/home/dhruvpatel/EEGNetC147A/src/../data/processed/bci_competition_iv_2a_128",
    "split_config": "/home/dhruvpatel/EEGNetC147A/src/../configs/data_splits_128.json",
    "norm": "none (ERS applied in preprocessing)"
  },
  "A01_rep0": 0.6263345195729537,
  "A01_rep1": 0.49110320284697506,
  "A01_rep2": 0.604982206405694,
  "A01_rep3": 0.5622775800711743,
  "A02_rep0": 0.2508833922261484,
  "A02_rep1": 0.2756183745583039,
  "A02_rep2": 0.26855123674911663,
  "A02_rep3": 0.24028268551236748,
  "A03_rep0": 0.5934065934065934,
  "A03_rep1": 0.6813186813186813,
  "A03_rep2": 0.673992673992674,
  "A03_rep3": 0.6007326007326007,
  "A04_rep0": 0.2982456140350877,
  "A04_rep1": 0.3508771929824561,
  "A04_rep2": 0.39035087719298245,
  "A04_rep3": 0.3201754385964912,
  "A05_rep0": 0.36594202898550726,
  "A05_rep1": 0.358695652173913,
  "A05_rep2": 0.31521739130434784,
  "A05_rep3": 0.322463768115942,
  "A06_rep0": 0.29767441860465116,
  "A06_rep1": 0.3674418604651163,
  "A06_rep2": 0.3627906976744186,
  "A06_rep3": 0.31627906976744186,
  "A07_rep0": 0.3249097472924188,
  "A07_rep1": 0.30685920577617326,
  "A07_rep2": 0.4187725631768953,
  "A07_rep3": 0.3140794223826715,
  "A08_rep0": 0.4797047970479705,
  "A08_rep1": 0.6863468634686347,
  "A08_rep2": 0.5350553505535055,
  "A08_rep3": 0.5904059040590406,
  "A09_rep0": 0.4318181818181818,
  "A09_rep1": 0.3446969696969697,
  "A09_rep2": 0.6060606060606061,
  "A09_rep3": 0.5681818181818182,
  "mean": 0.43173692185573675,
  "std": 0.13933919058191488
}