{
  "training_config": {
    "model": "tcn",
    "mode": "loso",
    "subject": null,
    "fold": "A01_rep0",
    "epochs": 300,
    "lr": 0.001,
    "batch_size": 32,
    "weight_decay": 0.0001,
    "device": "cuda",
    "data_path": "/home/dhruvpatel/EEGNetC147A/src/../data/processed/bci_competition_iv_2a_128",
    "split_config": "/home/dhruvpatel/EEGNetC147A/src/../configs/data_splits_128.json",
    "norm": "none (ERS applied in preprocessing)"
  },
  "A01_rep0": 0.6227758007117438,
  "A01_rep1": 0.5373665480427047,
  "A01_rep2": 0.6014234875444839,
  "A01_rep3": 0.5907473309608541,
  "A02_rep0": 0.2579505300353357,
  "A02_rep1": 0.2826855123674912,
  "A02_rep2": 0.254416961130742,
  "A02_rep3": 0.2579505300353357,
  "A03_rep0": 0.5970695970695971,
  "A03_rep1": 0.7142857142857143,
  "A03_rep2": 0.6703296703296703,
  "A03_rep3": 0.608058608058608,
  "A04_rep0": 0.45614035087719296,
  "A04_rep1": 0.37280701754385964,
  "A04_rep2": 0.4517543859649123,
  "A04_rep3": 0.3333333333333333,
  "A05_rep0": 0.3442028985507246,
  "A05_rep1": 0.3115942028985507,
  "A05_rep2": 0.37681159420289856,
  "A05_rep3": 0.35144927536231885,
  "A06_rep0": 0.37209302325581395,
  "A06_rep1": 0.42790697674418604,
  "A06_rep2": 0.3767441860465116,
  "A06_rep3": 0.28837209302325584,
  "A07_rep0": 0.35018050541516244,
  "A07_rep1": 0.47653429602888087,
  "A07_rep2": 0.41155234657039713,
  "A07_rep3": 0.3935018050541516,
  "A08_rep0": 0.4095940959409594,
  "A08_rep1": 0.6014760147601476,
  "A08_rep2": 0.5498154981549815,
  "A08_rep3": 0.5571955719557196,
  "A09_rep0": 0.4772727272727273,
  "A09_rep1": 0.4393939393939394,
  "A09_rep2": 0.5568181818181818,
  "A09_rep3": 0.6060606060606061,
  "mean": 0.4524351449111581,
  "std": 0.1275946503014975
}