{
  "training_config": {
    "model": "transformer",
    "mode": "loso",
    "subject": null,
    "fold": "A01_rep0",
    "epochs": 300,
    "lr": 0.001,
    "batch_size": 32,
    "weight_decay": 0.0001,
    "device": "cuda",
    "data_path": "/home/dhruvpatel/EEGNetC147A/src/../data/processed/bci_competition_iv_2a_128",
    "split_config": "/home/dhruvpatel/EEGNetC147A/src/../configs/data_splits_128.json",
    "norm": "none (ERS applied in preprocessing)"
  },
  "A01_rep0": 0.5658362989323843,
  "A01_rep1": 0.5231316725978647,
  "A01_rep2": 0.608540925266904,
  "A01_rep3": 0.6441281138790036,
  "A02_rep0": 0.303886925795053,
  "A02_rep1": 0.303886925795053,
  "A02_rep2": 0.2826855123674912,
  "A02_rep3": 0.2791519434628975,
  "A03_rep0": 0.5091575091575091,
  "A03_rep1": 0.5860805860805861,
  "A03_rep2": 0.652014652014652,
  "A03_rep3": 0.5128205128205128,
  "A04_rep0": 0.3815789473684211,
  "A04_rep1": 0.3684210526315789,
  "A04_rep2": 0.4166666666666667,
  "A04_rep3": 0.3201754385964912,
  "A05_rep0": 0.2608695652173913,
  "A05_rep1": 0.2826086956521739,
  "A05_rep2": 0.2608695652173913,
  "A05_rep3": 0.2572463768115942,
  "A06_rep0": 0.30697674418604654,
  "A06_rep1": 0.3581395348837209,
  "A06_rep2": 0.32558139534883723,
  "A06_rep3": 0.23255813953488372,
  "A07_rep0": 0.3176895306859206,
  "A07_rep1": 0.33574007220216606,
  "A07_rep2": 0.3104693140794224,
  "A07_rep3": 0.33935018050541516,
  "A08_rep0": 0.4944649446494465,
  "A08_rep1": 0.5793357933579336,
  "A08_rep2": 0.4981549815498155,
  "A08_rep3": 0.4907749077490775,
  "A09_rep0": 0.3522727272727273,
  "A09_rep1": 0.4431818181818182,
  "A09_rep2": 0.4810606060606061,
  "A09_rep3": 0.4772727272727273,
  "mean": 0.40729948066256066,
  "std": 0.12208142273595404
}